date,time,text,channel_id,photo_url,video_url,btn1_text,btn1_url,btn2_text,btn2_url,btn3_text,btn3_url
2025-08-26,21:30,–¢–µ—Å—Ç–æ–≤–æ–µ —Å–æ–æ–±—â–µ–Ω–∏–µ. —É –Ω–∞—Å –ø–æ–ª—É—á–∏—Ç—Å—è!,,,,üß† –ß—Ç–æ —É–º–µ–µ—Ç?,https://t.me/neiro_ai_sale/64,–ó–∞–∫–∞–∑–∞—Ç—å,https://t.me/Ka_terina8,,
2025-08-27,10:00,"üß† –ó–∞—á–µ–º –≤–∞–º –Ω–µ–π—Ä–æ–ø–æ–º–æ—â–Ω–∏–∫? 
‚Äî –ß—Ç–æ–±—ã –Ω–µ —Ç—Ä–∞—Ç–∏—Ç—å –≤—Ä–µ–º—è –Ω–∞ –æ–¥–Ω–æ –∏ —Ç–æ –∂–µ. 
‚Äî –ß—Ç–æ–±—ã –∫–ª–∏–µ–Ω—Ç —Å—Ä–∞–∑—É –ø–æ–Ω–∏–º–∞–ª, —Å –∫–µ–º –æ–Ω –∏–º–µ–µ—Ç –¥–µ–ª–æ. 
‚Äî –ß—Ç–æ–±—ã –≤–∞—à–∏ —Å–æ—Ü—Å–µ—Ç–∏, —Å–∞–π—Ç –∏–ª–∏ Telegram —Ä–∞–±–æ—Ç–∞–ª–∏ –¥–∞–∂–µ –Ω–æ—á—å—é.   

üí° –ü—Ä–µ–¥—Å—Ç–∞–≤—å—Ç–µ: –∫–ª–∏–µ–Ω—Ç –ø–∏—à–µ—Ç ‚Äî –±–æ—Ç –æ—Ç–≤–µ—á–∞–µ—Ç. –ü—Ä–æ–¥–∞—ë—Ç. –û–±—É—á–∞–µ—Ç. –ù–µ —É—Ö–æ–¥–∏—Ç –≤ –æ—Ç–ø—É—Å–∫.  
üìç –Ø —Å–æ–∑–¥–∞—é —Ç–∞–∫–∏—Ö –±–æ—Ç–æ–≤ ‚Äî –ø–æ–¥ –∑–∞–¥–∞—á–∏, –±—Ä–µ–Ω–¥ –∏ —Ü–µ–ª–µ–≤—É—é –∞—É–¥–∏—Ç–æ—Ä–∏—é.",,https://drive.google.com/file/d/1MwQOuPZ1F8c80rV7KMQNJgVIzbKTTH3_/view?usp=sharing,,üß† –ß—Ç–æ —É–º–µ–µ—Ç?,https://t.me/neiro_ai_sale/64,–ó–∞–∫–∞–∑–∞—Ç—å,https://t.me/Ka_terina8,,
2025-08-28,10:00,"‚ö†Ô∏è –°–∫–æ–ª—å–∫–æ –¥–µ–Ω–µ–≥ –≤—ã —Ç–µ—Ä—è–µ—Ç–µ, –ø–æ–∫–∞ –º–æ–ª—á–∏—Ç –±–æ—Ç?
‚Äî –ö–ª–∏–µ–Ω—Ç—É –¥–æ–ª–≥–æ –Ω–µ –æ—Ç–≤–µ—á–∞—é—Ç?
‚Äî –ú–µ–Ω–µ–¥–∂–µ—Ä –Ω–µ –∑–Ω–∞–µ—Ç, —á—Ç–æ —Å–∫–∞–∑–∞—Ç—å?
‚Äî –õ—é–¥–∏ —É—Ö–æ–¥—è—Ç –∫ –∫–æ–Ω–∫—É—Ä–µ–Ω—Ç–∞–º?

üö´ –ö–∞–∂–¥–æ–µ –ø—Ä–æ–º–µ–¥–ª–µ–Ω–∏–µ ‚Äî —ç—Ç–æ —É–ø—É—â–µ–Ω–Ω–∞—è –ø—Ä–∏–±—ã–ª—å.
ü§ñ –ù–µ–π—Ä–æ–ø–æ–º–æ—â–Ω–∏–∫ –æ—Ç–≤–µ—á–∞–µ—Ç –∑–∞ 3 —Å–µ–∫—É–Ω–¥—ã. –ë–µ–∑ –æ—à–∏–±–æ–∫. –ë–µ–∑ —ç–º–æ—Ü–∏–π. 24/7.

üì≤ –£ –≤–∞—Å –±—É–¥–µ—Ç –±–æ—Ç, –∫–æ—Ç–æ—Ä—ã–π –Ω–µ –ø—Ä–æ—Å—Ç–æ –æ—Ç–≤–µ—á–∞–µ—Ç, –∞ –≤–µ–¥—ë—Ç –∫ –ø–æ–∫—É–ø–∫–µ.",,,,–ó–∞–∫–∞–∑–∞—Ç—å,https://t.me/Ka_terina8,,,,
2025-08-29,10:00,"üìä –ü–µ—Ä–≤—ã–µ —Ä–µ–∑—É–ª—å—Ç–∞—Ç—ã —É–∂–µ –Ω–∞ —Å—Ç–∞—Ä—Ç–µ
‚Äî ¬´–ß–µ—Ä–µ–∑ 2 –¥–Ω—è –ø–æ—Å–ª–µ –∑–∞–ø—É—Å–∫–∞ ‚Äî 4 –∑–∞—è–≤–∫–∏
‚Äî ¬´–ë–æ—Ç —Å–∞–º –æ—Ç–≤–µ—á–∞–µ—Ç –∫–ª–∏–µ–Ω—Ç–∞–º ‚Äî –º—ã –ø—Ä–æ—Å—Ç–æ –±–µ—Ä—ë–º –¥–µ–Ω—å–≥–∏¬ª
‚Äî ¬´–£—à–ª–∏ —Å BotHelp. –¢–µ–ø–µ—Ä—å –Ω–µ –ø–ª–∞—Ç–∏–º –µ–∂–µ–º–µ—Å—è—á–Ω–æ¬ª

üî• –ï—Å–ª–∏ –≤—ã –¥—É–º–∞–µ—Ç–µ, —á—Ç–æ –±–æ—Ç ‚Äî —ç—Ç–æ —Å–ª–æ–∂–Ω–æ, –¥–∞–≤–∞–π—Ç–µ —è –ø—Ä–æ—Å—Ç–æ –ø–æ–∫–∞–∂—É, –∫–∞–∫ —ç—Ç–æ —Ä–∞–±–æ—Ç–∞–µ—Ç.",,,,–û—Ç–∑—ã–≤—ã,https://t.me/neiro_ai_sale/66,,,,
2025-08-30,10:00,"üí≠ ¬´–ù–∞–º –∏ —Ç–∞–∫ –Ω–æ—Ä–º –±–µ–∑ –±–æ—Ç–∞¬ª
–ó–Ω–∞–∫–æ–º–æ?

ü™´ –ü–æ–∫–∞ —É –¥—Ä—É–≥–∏—Ö –∞–≤—Ç–æ–º–∞—Ç–∏–∑–∞—Ü–∏—è, –∑–∞—è–≤–∫–∏ –∏ –Ω–æ–≤—ã–µ –∫–ª–∏–µ–Ω—Ç—ã ‚Äî —É –≤–∞—Å ""–Ω–æ—Ä–º""?
–ú–æ–∂–µ—Ç, –ø–æ—Ä–∞ –Ω–∞ —à–∞–≥ –≤–ø–µ—Ä—ë–¥?

‚öôÔ∏è –û–¥–∏–Ω –±–æ—Ç –º–æ–∂–µ—Ç –∑–∞–º–µ–Ω–∏—Ç—å SMM-–º–µ–Ω–µ–¥–∂–µ—Ä–∞, –ø—Ä–æ–¥–∞–≤—Ü–∞ –∏ –∞–¥–º–∏–Ω–∏—Å—Ç—Ä–∞—Ç–æ—Ä–∞.
–ò –æ–Ω —É–∂–µ –¥–æ—Å—Ç—É–ø–µ–Ω.",,,,üß† –ß—Ç–æ —É–º–µ–µ—Ç?,https://t.me/neiro_ai_sale/64,–ó–∞–∫–∞–∑–∞—Ç—å,https://t.me/Ka_terina8,,
2025-08-31,10:00,"üì¶ –ß—Ç–æ –≤—ã –ø–æ–ª—É—á–∞–µ—Ç–µ –Ω–∞ –≤—ã—Ö–æ–¥–µ?
‚Äî –ì–æ—Ç–æ–≤—ã–π –Ω–µ–π—Ä–æ–ø–æ–º–æ—â–Ω–∏–∫ –ø–æ–¥ –≤–∞—à –±—Ä–µ–Ω–¥
‚Äî –í—Å–µ —Ç–µ–∫—Å—Ç—ã, –ª–æ–≥–∏–∫–∞ –∏ –∫–Ω–æ–ø–∫–∏ –≤–Ω—É—Ç—Ä–∏
‚Äî –ù–∞—Å—Ç—Ä–æ–π–∫–∞ –ø–æ–¥ Telegram / —Å–∞–π—Ç / –æ–±—É—á–µ–Ω–∏–µ
‚Äî –°–æ–ø—Ä–æ–≤–æ–∂–¥–µ–Ω–∏–µ, –ø–æ–¥–¥–µ—Ä–∂–∫–∞, –æ–±—É—á–µ–Ω–∏–µ

üöÄ –ù–µ –ø—Ä–æ—Å—Ç–æ –±–æ—Ç. –ê —Å–æ—Ç—Ä—É–¥–Ω–∏–∫, –∫–æ—Ç–æ—Ä—ã–π –Ω–µ –±–æ–ª–µ–µ—Ç –∏ –Ω–µ —É—Ö–æ–¥–∏—Ç –≤ –æ—Ç–ø—É—Å–∫.",,,,–ó–∞–∫–∞–∑–∞—Ç—å,https://t.me/Ka_terina8,üí∞ –¶–µ–Ω—ã,https://t.me/neiro_ai_sale/65,,
2025-09-01,10:00,"üéØ –ù–µ–π—Ä–æ–ø–æ–º–æ—â–Ω–∏–∫ ‚â† –ø—Ä–æ—Å—Ç–æ –±–æ—Ç 
–≠—Ç–æ: 
‚Äî —Å—Ç—Ä–∞—Ç–µ–≥–∏—è –æ–±—â–µ–Ω–∏—è —Å –∫–ª–∏–µ–Ω—Ç–æ–º 
‚Äî –∞–≤—Ç–æ–º–∞—Ç–∏–∑–∏—Ä–æ–≤–∞–Ω–Ω—ã–µ –∫–∞—Å–∞–Ω–∏—è 
‚Äî –∂–∏–≤–æ–π, –≤–µ–∂–ª–∏–≤—ã–π —Ç–æ–Ω –æ–±—â–µ–Ω–∏—è 
‚Äî —Å–µ–≥–º–µ–Ω—Ç–∞—Ü–∏—è –∏ –ª–æ–≥–∏–∫–∞ –¥–µ–π—Å—Ç–≤–∏–π 

üìå –í—ã –ø–æ–ª—É—á–∞–µ—Ç–µ –Ω–µ —à–∞–±–ª–æ–Ω, –∞ —Ç–æ—á–Ω—É—é –Ω–∞—Å—Ç—Ä–æ–π–∫—É –ø–æ–¥ —Å–≤–æ–π –±–∏–∑–Ω–µ—Å. 
–ë–æ—Ç, —Å –∫–æ—Ç–æ—Ä—ã–º –∫–ª–∏–µ–Ω—Ç—É –ø—Ä–∏—è—Ç–Ω–æ –∏–º–µ—Ç—å –¥–µ–ª–æ.",,,,,,,,,
2025-09-02,10:00,"üò≥ ""–ë–æ—Ç—ã –ø—É–≥–∞—é—Ç –∫–ª–∏–µ–Ω—Ç–æ–≤"" ‚Äî –º–∏—Ñ? 
–î–∞. –ï—Å–ª–∏ —ç—Ç–æ –ø–ª–æ—Ö–æ —Å–¥–µ–ª–∞–Ω–Ω—ã–π –±–æ—Ç. 
–ù–æ –µ—Å–ª–∏: 
‚Äî —Ç–µ–∫—Å—Ç—ã –∂–∏–≤—ã–µ 
‚Äî –æ—Ñ–æ—Ä–º–ª–µ–Ω–∏–µ 
‚Äî –±—Ä–µ–Ω–¥–æ–≤—ã–π —Å—Ç–∏–ª—å 
‚Äî —Å—Ü–µ–Ω–∞—Ä–∏–π –ø—Ä–æ–¥—É–º–∞–Ω 

üí¨ –¢–æ–≥–¥–∞ —ç—Ç–æ —Å–∏–ª—å–Ω—ã–π –∞–∫—Ç–∏–≤. 

–ü–æ–∫–∞–∂—É, –∫–∞–∫ –º–æ–∂–µ—Ç –≤—ã–≥–ª—è–¥–µ—Ç—å –Ω–µ–π—Ä–æ–ø–æ–º–æ—â–Ω–∏–∫, —Å –∫–æ—Ç–æ—Ä—ã–º –ø—Ä–∏—è—Ç–Ω–æ –≤–∑–∞–∏–º–æ–¥–µ–π—Å—Ç–≤–æ–≤–∞—Ç—å.",,,,,,,,,
2025-09-03,10:00,"–ß—Ç–æ —Ç–∞–∫–æ–µ –Ω–µ–π—Ä–æ–ø–æ–º–æ—â–Ω–∏–∫ –Ω–∞ —Å–∞–º–æ–º –¥–µ–ª–µ
–ë–æ–ª—å—à–∏–Ω—Å—Ç–≤–æ –ª—é–¥–µ–π –¥—É–º–∞—é—Ç, —á—Ç–æ ¬´–Ω–µ–π—Ä–æ–ø–æ–º–æ—â–Ω–∏–∫¬ª = ¬´—á–∞—Ç-–±–æ—Ç —Å –ò–ò¬ª. –≠—Ç–æ –ø–æ–≤–µ—Ä—Ö–Ω–æ—Å—Ç–Ω–æ–µ –ø–æ–Ω–∏–º–∞–Ω–∏–µ.
–ù–∞ –ø—Ä–∞–∫—Ç–∏–∫–µ –Ω–µ–π—Ä–æ–ø–æ–º–æ—â–Ω–∏–∫ ‚Äî —ç—Ç–æ —Ü–∏—Ñ—Ä–æ–≤–æ–π —Å–æ—Ç—Ä—É–¥–Ω–∏–∫, –≤—à–∏—Ç—ã–π –≤ –±–∏–∑–Ω–µ—Å-–ø—Ä–æ—Ü–µ—Å—Å—ã. –û–Ω —Å–æ–≤–º–µ—â–∞–µ—Ç:
‚Ä¢        –ú–æ–¥–µ–ª—å –ò–ò (–Ω–∞–ø—Ä–∏–º–µ—Ä, GPT), –∫–æ—Ç–æ—Ä–∞—è –ø–æ–Ω–∏–º–∞–µ—Ç –∫–æ–Ω—Ç–µ–∫—Å—Ç –∏ —É–º–µ–µ—Ç –∞–¥–∞–ø—Ç–∏—Ä–æ–≤–∞—Ç—å—Å—è;
‚Ä¢        –°—Ü–µ–Ω–∞—Ä–Ω—É—é –ª–æ–≥–∏–∫—É (–¥–µ—Ä–µ–≤–æ —Ä–µ—à–µ–Ω–∏–π, –∫–Ω–æ–ø–∫–∏, –∞–≤—Ç–æ–ø–æ—Å—Ç–∏–Ω–≥);
‚Ä¢        –ò–Ω—Ç–µ–≥—Ä–∞—Ü–∏–∏ (CRM, –º–µ—Å—Å–µ–Ω–¥–∂–µ—Ä—ã, –¥–æ–∫—É–º–µ–Ω—Ç—ã, –±–∞–∑—ã –∑–Ω–∞–Ω–∏–π).

üëâ –ù–∞—Å—Ç–æ—è—â–∏–π –Ω–µ–π—Ä–æ–ø–æ–º–æ—â–Ω–∏–∫ = —Å–æ—á–µ—Ç–∞–Ω–∏–µ –≥–µ–Ω–µ—Ä–∞—Ç–∏–≤–Ω–æ–≥–æ –∏–Ω—Ç–µ–ª–ª–µ–∫—Ç–∞ + –±–∏–∑–Ω–µ—Å-–ª–æ–≥–∏–∫–∏.""
",,,,üß† –ß—Ç–æ —É–º–µ–µ—Ç?,https://t.me/neiro_ai_sale/64,,,,
2025-09-04,10:00,"üìå –ö–æ–º—É –ø–æ–¥–æ–π–¥—ë—Ç –Ω–µ–π—Ä–æ–ø–æ–º–æ—â–Ω–∏–∫? 
‚Äî –û–Ω–ª–∞–π–Ω-—à–∫–æ–ª–∞–º 
‚Äî –≠–∫—Å–ø–µ—Ä—Ç–∞–º 
‚Äî –ö–æ–Ω—Å—É–ª—å—Ç–∞–Ω—Ç–∞–º 
‚Äî –ü—Ä–æ–¥–∞–∂–Ω–∏–∫–∞–º 
‚Äî –°–µ—Ä–≤–∏—Å–∞–º 
‚Äî HR-–æ—Ç–¥–µ–ª–∞–º 
‚Äî –í—Å–µ–º, –∫—Ç–æ —Ö–æ—á–µ—Ç —Å–∏—Å—Ç–µ–º–Ω–æ –æ–±—â–∞—Ç—å—Å—è —Å –∫–ª–∏–µ–Ω—Ç–æ–º –∏ –ø—Ä–æ–¥–∞–≤–∞—Ç—å 

üß† –ù–∞—Å—Ç—Ä–∞–∏–≤–∞—é –±–æ—Ç–∞ –ø–æ–¥ —Ü–µ–ª–∏, –¶–ê, —Å—Ç–∏–ª—å, –∑–∞–¥–∞—á–∏.",,,,,,,,,
2025-09-05,10:00,"üí° –û—à–∏–±–∫–∏ –∏ –∑–∞–±–ª—É–∂–¥–µ–Ω–∏—è, –∫–æ—Ç–æ—Ä—ã–µ —Ç–æ—Ä–º–æ–∑—è—Ç –≤–Ω–µ–¥—Ä–µ–Ω–∏–µ

–ó–∞–±–ª—É–∂–¥–µ–Ω–∏–µ ‚Ññ1: ¬´–ò–ò –≤—Å—ë —Å–¥–µ–ª–∞–µ—Ç —Å–∞–º¬ª
–ù–µ—Ç. –ò–ò –±–µ–∑ –ø—Ä–∞–≤–∏–ª—å–Ω–æ–π –Ω–∞—Å—Ç—Ä–æ–π–∫–∏ –ø—Ä–µ–≤—Ä–∞—â–∞–µ—Ç—Å—è –≤ ¬´–≥–æ–≤–æ—Ä—è—â—É—é –≥–æ–ª–æ–≤—É¬ª. –û–Ω –±—É–¥–µ—Ç –≤—ã–¥–∞–≤–∞—Ç—å –∫—Ä–∞—Å–∏–≤—ã–π —Ç–µ–∫—Å—Ç, –Ω–æ –Ω–µ —Ä–µ—à–∏—Ç –±–∏–∑–Ω–µ—Å-–∑–∞–¥–∞—á—É.
üõ† –ù–∞—Å—Ç—Ä–æ–π–∫–∞ ‚Äî —ç—Ç–æ 70% —É—Å–ø–µ—Ö–∞. –í–∞–∂–Ω–æ –ø—Ä–∞–≤–∏–ª—å–Ω–æ –æ–ø–∏—Å–∞—Ç—å —Ä–æ–ª—å, —Å—Ç–∏–ª—å –æ–±—â–µ–Ω–∏—è, –æ–≥—Ä–∞–Ω–∏—á–µ–Ω–∏—è.

–ó–∞–±–ª—É–∂–¥–µ–Ω–∏–µ ‚Ññ2: ¬´–ë–æ—Ç –∑–∞–º–µ–Ω–∏—Ç —Å–æ—Ç—Ä—É–¥–Ω–∏–∫–∞ –ø–æ–ª–Ω–æ—Å—Ç—å—é¬ª
–ù–µ–π—Ä–æ–ø–æ–º–æ—â–Ω–∏–∫ —Å–Ω–∏–º–∞–µ—Ç —Ä—É—Ç–∏–Ω–Ω—ã–µ –∑–∞–¥–∞—á–∏, –Ω–æ —Å—Ç—Ä–∞—Ç–µ–≥–∏—é, –ø—Ä–æ–¥–∞–∂–∏ ¬´—Å —ç–º–æ—Ü–∏–µ–π¬ª, –Ω–µ—Å—Ç–∞–Ω–¥–∞—Ä—Ç–Ω—ã–µ –ø–µ—Ä–µ–≥–æ–≤–æ—Ä—ã –≤—Å—ë —Ä–∞–≤–Ω–æ –≤–µ–¥—É—Ç –ª—é–¥–∏.
üí° –û–ø—ã—Ç–Ω—ã–µ –≤–Ω–µ–¥—Ä–µ–Ω—Ü—ã –∏—Å–ø–æ–ª—å–∑—É—é—Ç –ø—Ä–∞–≤–∏–ª–æ 70/30: 70% –∑–∞–¥–∞—á –∞–≤—Ç–æ–º–∞—Ç–∏–∑–∏—Ä—É—é—Ç—Å—è, 30% –æ—Å—Ç–∞—é—Ç—Å—è –∑–∞ —á–µ–ª–æ–≤–µ–∫–æ–º.

–ó–∞–±–ª—É–∂–¥–µ–Ω–∏–µ ‚Ññ3: ¬´–ß–µ–º –±–æ–ª—å—à–µ —Ñ—É–Ω–∫—Ü–∏–π, —Ç–µ–º –ª—É—á—à–µ¬ª
–ù–∞–æ–±–æ—Ä–æ—Ç. –°–∞–º—ã–µ —Ä–µ–∑—É–ª—å—Ç–∞—Ç–∏–≤–Ω—ã–µ –Ω–µ–π—Ä–æ–ø–æ–º–æ—â–Ω–∏–∫–∏ —Ä–µ—à–∞—é—Ç 1‚Äì2 –∫–ª—é—á–µ–≤—ã–µ –∑–∞–¥–∞—á–∏: –æ—Ç–≤–µ—á–∞—é—Ç –∫–ª–∏–µ–Ω—Ç–∞–º –∏–ª–∏ –æ–±—Ä–∞–±–∞—Ç—ã–≤–∞—é—Ç –∑–∞—è–≤–∫–∏. –û—Å—Ç–∞–ª—å–Ω–æ–µ –º–æ–∂–Ω–æ –Ω–∞—Ä–∞—â–∏–≤–∞—Ç—å –ø–æ–∑–∂–µ""
",,,,,,,,,
2025-09-06,10:00,"üìû ""–Ø –ø–æ–∫–∞ –Ω–µ –≥–æ—Ç–æ–≤"" 
‚Äî –∏ —ç—Ç–æ –Ω–æ—Ä–º–∞–ª—å–Ω–æ 
–£ –≤–∞—Å –º–æ–∂–µ—Ç –±—ã—Ç—å –º–Ω–æ–≥–æ ¬´–Ω–æ¬ª: 
‚Äî –Ω–µ –∑–Ω–∞–µ—Ç–µ, —Å —á–µ–≥–æ –Ω–∞—á–∞—Ç—å 
‚Äî –±–æ–∏—Ç–µ—Å—å —Å–ª–æ–∂–Ω–æ—Å—Ç–µ–π 
‚Äî –Ω–µ—Ç –≤—Ä–µ–º–µ–Ω–∏ 

–Ø –ø—Ä–æ–≤–µ–¥—É –∑–∞ —Ä—É–∫—É. 
–í—Å—ë –ø—Ä–æ—Å—Ç–æ: 
üìç –∫–æ—Ä–æ—Ç–∫–∏–π –±—Ä–∏—Ñ 
üìç MVP 
üìç —Ä–µ–∑—É–ª—å—Ç–∞—Ç. 

–ê –ø–æ—Ç–æ–º ‚Äî –ø–æ–¥–¥–µ—Ä–∂–∫–∞ –∏ —Ä–æ—Å—Ç.",,,,–ó–∞–∫–∞–∑–∞—Ç—å,https://t.me/Ka_terina8,üí∞ –¶–µ–Ω—ã,https://t.me/neiro_ai_sale/65,,
2025-09-07,10:00,"üí°–†–µ–∞–ª—å–Ω—ã–µ –∏–Ω—Å–∞–π–¥—ã –ø—Ä–∞–∫—Ç–∏–∫–æ–≤:

‚öôÔ∏è ¬´–ú–∞–ª–µ–Ω—å–∫–∏–π –±–æ—Ç –º–æ–∂–µ—Ç –±—ã—Ç—å –ø—Ä–∏–±—ã–ª—å–Ω–µ–µ, —á–µ–º –Ω–∞–≤–æ—Ä–æ—á–µ–Ω–Ω—ã–π –∞—Å—Å–∏—Å—Ç–µ–Ω—Ç¬ª
–ö–µ–π—Å—ã –ø–æ–∫–∞–∑—ã–≤–∞—é—Ç: –ø—Ä–æ—Å—Ç–æ–π –±–æ—Ç-–≤–∏–∑–∏—Ç–∫–∞ —Å –∫–Ω–æ–ø–∫–∞–º–∏ (¬´–£—Å–ª—É–≥–∏¬ª, ¬´–¶–µ–Ω—ã¬ª, ¬´–ö–∞–∫ –∑–∞–∫–∞–∑–∞—Ç—å¬ª) —á–∞—Å—Ç–æ –¥–∞—ë—Ç –±–æ–ª—å—à–∏–π ROI, —á–µ–º ¬´–º–Ω–æ–≥–æ—Ñ—É–Ω–∫—Ü–∏–æ–Ω–∞–ª—å–Ω—ã–π GPT¬ª. –ü–æ—á–µ–º—É?
–ü–æ—Ç–æ–º—É —á—Ç–æ –ø–æ–ª—å–∑–æ–≤–∞—Ç–µ–ª–∏ –ª—é–±—è—Ç –ø–æ–Ω—è—Ç–Ω—ã–µ –±—ã—Å—Ç—Ä—ã–µ —Ä–µ—à–µ–Ω–∏—è.

‚öôÔ∏è –ù–µ–π—Ä–æ–ø–æ–º–æ—â–Ω–∏–∫ = –Ω–æ–≤—ã–π HR-–∏–Ω—Å—Ç—Ä—É–º–µ–Ω—Ç
–ú–∞–ª–æ –∫—Ç–æ –≥–æ–≤–æ—Ä–∏—Ç, –Ω–æ –ò–ò-–±–æ—Ç—ã –ø–æ–º–æ–≥–∞—é—Ç –æ–±—É—á–∞—Ç—å —Å–æ—Ç—Ä—É–¥–Ω–∏–∫–æ–≤. –ù–∞–ø—Ä–∏–º–µ—Ä, GPT-–∞—Å—Å–∏—Å—Ç–µ–Ω—Ç –º–æ–∂–µ—Ç –ø—Ä–æ–≤–µ—Ä—è—Ç—å –∑–Ω–∞–Ω–∏—è –Ω–æ–≤—ã—Ö –º–µ–Ω–µ–¥–∂–µ—Ä–æ–≤ –ø–æ —Å–∫—Ä–∏–ø—Ç–∞–º –∏–ª–∏ —Ä–∞–∑–±–∏—Ä–∞—Ç—å —Å –Ω–∏–º–∏ –æ—à–∏–±–∫–∏ –æ–±—â–µ–Ω–∏—è. –≠—Ç–æ —Å–Ω–∏–∂–∞–µ—Ç –Ω–∞–≥—Ä—É–∑–∫—É –Ω–∞ HR-–æ—Ç–¥–µ–ª.

‚öôÔ∏è –ò–ò –ø–æ–≤—ã—à–∞–µ—Ç –ª–æ—è–ª—å–Ω–æ—Å—Ç—å –∫–ª–∏–µ–Ω—Ç–∞ –Ω–µ –º–µ–Ω—å—à–µ, —á–µ–º —Å–∫–æ—Ä–æ—Å—Ç—å –æ—Ç–≤–µ—Ç–∞
–ë—ã—Å—Ç—Ä—ã–π –æ—Ç–≤–µ—Ç –≤–∞–∂–µ–Ω, –Ω–æ –µ—â—ë –≤–∞–∂–Ω–µ–µ ‚Äî —Ç–æ–Ω –æ–±—â–µ–Ω–∏—è. –ù–∞—Å—Ç—Ä–æ–µ–Ω–Ω—ã–π GPT –º–æ–∂–µ—Ç –≥–æ–≤–æ—Ä–∏—Ç—å ¬´–≥–æ–ª–æ—Å–æ–º –±—Ä–µ–Ω–¥–∞¬ª. –ï—Å–ª–∏ –∫–ª–∏–µ–Ω—Ç—É –æ—Ç–≤–µ—á–∞—é—Ç —Å —é–º–æ—Ä–æ–º –∏–ª–∏ –∑–∞–±–æ—Ç–æ–π ‚Äî –æ–Ω —á—É–≤—Å—Ç–≤—É–µ—Ç –±—Ä–µ–Ω–¥ –∂–∏–≤—ã–º.",,,,,,,,,
2025-09-08,10:00,"ü§ù –°–æ—Ç—Ä—É–¥–Ω–∏—á–∞–µ–º –∫–∞–∫ –ø–∞—Ä—Ç–Ω—ë—Ä—ã 
–Ø –Ω–µ –ø—Ä–æ—Å—Ç–æ ¬´–Ω–∞—Å—Ç—Ä–æ–∏–ª –∏ –∏—Å—á–µ–∑¬ª. 
–í—ã –ø–æ–ª—É—á–∏—Ç–µ: 
‚Äî –∫–æ–Ω—Å—É–ª—å—Ç–∞—Ü–∏—é 
‚Äî –≥–∏–±–∫—É—é –¥–æ—Ä–∞–±–æ—Ç–∫—É 
‚Äî —Å–æ–ø—Ä–æ–≤–æ–∂–¥–µ–Ω–∏–µ 
‚Äî –±—ã—Å—Ç—Ä—ã–µ –æ—Ç–≤–µ—Ç—ã 

üí° –ú–Ω–µ –≤–∞–∂–Ω–æ, —á—Ç–æ–±—ã –±–æ—Ç —Ä–µ–∞–ª—å–Ω–æ –ø—Ä–∏–Ω–æ—Å–∏–ª –ø–æ–ª—å–∑—É. –ê –Ω–µ –ø—Ä–æ—Å—Ç–æ ¬´–±—ã–ª¬ª.",,,,–ó–∞–∫–∞–∑–∞—Ç—å,https://t.me/Ka_terina8,üí∞ –¶–µ–Ω—ã,https://t.me/neiro_ai_sale/65,,
2025-09-09,10:00,"‚öôÔ∏è –ò–∑ —á–µ–≥–æ —Å–æ—Å—Ç–æ–∏—Ç –Ω–µ–π—Ä–æ–ø–æ–º–æ—â–Ω–∏–∫?
üß© –°—Ü–µ–Ω–∞—Ä–∏–π: –ª–æ–≥–∏–∫–∞ –æ—Ç–≤–µ—Ç–æ–≤, —Å—Ç—Ä—É–∫—Ç—É—Ä–∞
üß© –ì–æ–ª–æ—Å –±—Ä–µ–Ω–¥–∞: —Å—Ç–∏–ª—å, —Ç–æ–Ω, —Ñ—Ä–∞–∑—ã
üß© –§—É–Ω–∫—Ü–∏–∏: –ø—Ä–æ–¥–∞–∂–∏, –æ—Ç–≤–µ—Ç—ã, –ø–æ–º–æ—â—å
üß© –ò–Ω—Ç–µ—Ä—Ñ–µ–π—Å: –∫–Ω–æ–ø–∫–∏, –æ—Ñ–æ—Ä–º–ª–µ–Ω–∏–µ, –º–µ–Ω—é

üéØ –í—Å—ë –Ω–∞—Å—Ç—Ä–∞–∏–≤–∞–µ—Ç—Å—è –ø–æ–¥ –≤–∞—à –ø—Ä–æ–µ–∫—Ç ‚Äî –±–µ–∑ —à–∞–±–ª–æ–Ω–æ–≤.",,,,üß† –ß—Ç–æ —É–º–µ–µ—Ç?,https://t.me/neiro_ai_sale/64,,,,
2025-09-10,10:00,"üîç –ß–µ–º –Ω–µ–π—Ä–æ–ø–æ–º–æ—â–Ω–∏–∫ –æ—Ç–ª–∏—á–∞–µ—Ç—Å—è –æ—Ç –æ–±—ã—á–Ω–æ–≥–æ –±–æ—Ç–∞?
‚úñÔ∏è –ë–æ—Ç ‚Äî –ø—Ä–æ—Å—Ç–æ –æ—Ç–≤–µ—Ç—ã
‚úÖ –ù–µ–π—Ä–æ–ø–æ–º–æ—â–Ω–∏–∫ ‚Äî —ç—Ç–æ:
‚Äî –∏–Ω—Ç–µ–ª–ª–µ–∫—Ç + —Å—Ü–µ–Ω–∞—Ä–∏–∏
‚Äî –∞–≤—Ç–æ–º–∞—Ç–∏–∑–∞—Ü–∏—è –ø—Ä–æ–¥–∞–∂
‚Äî –≤–æ–≤–ª–µ—á—ë–Ω–Ω–æ—Å—Ç—å –∏ —Å–æ–ø—Ä–æ–≤–æ–∂–¥–µ–Ω–∏–µ

üìå –†–∞–∑–Ω–∏—Ü–∞ ‚Äî –≤ –ø–æ–¥—Ö–æ–¥–µ, –æ–ø—ã—Ç–µ, —Ä–µ–∑—É–ª—å—Ç–∞—Ç–∞—Ö.",,,,,,,,,
2025-09-11,10:00,"üìå –ü—Ä–∏–º–µ—Ä—ã –∫–µ–π—Å–æ–≤:

‚úÖ –ù–µ–π—Ä–æ–ø–æ–º–æ—â–Ω–∏–∫ –¥–ª—è —Å–∞–ª–æ–Ω–∞ –∫—Ä–∞—Å–æ—Ç—ã
‚Ä¢        –ó–∞–¥–∞—á–∞: –∑–∞–ø–∏—Å—å –∫–ª–∏–µ–Ω—Ç–æ–≤, –æ—Ç–≤–µ—Ç—ã –Ω–∞ –≤–æ–ø—Ä–æ—Å—ã, –Ω–∞–ø–æ–º–∏–Ω–∞–Ω–∏—è.
‚Ä¢        –õ–æ–≥–∏–∫–∞: –∫–Ω–æ–ø–∫–∏ ‚Üí ¬´–ó–∞–ø–∏—Å–∞—Ç—å—Å—è¬ª, ¬´–¶–µ–Ω—ã¬ª, ¬´–ö–æ–Ω—Ç–∞–∫—Ç—ã¬ª ‚Üí GPT –æ—Ç–≤–µ—á–∞–µ—Ç –Ω–∞ —É—Ç–æ—á–Ω—è—é—â–∏–µ –≤–æ–ø—Ä–æ—Å—ã.
‚Ä¢        –†–µ–∑—É–ª—å—Ç–∞—Ç: —ç–∫–æ–Ω–æ–º–∏—è 20 —á–∞—Å–æ–≤ –∞–¥–º–∏–Ω–∏—Å—Ç—Ä–∞—Ç–æ—Ä–∞ –≤ –º–µ—Å—è—Ü, —Ä–æ—Å—Ç –ø–æ–≤—Ç–æ—Ä–Ω—ã—Ö –∑–∞–ø–∏—Å–µ–π.

‚úÖ –ê—Å—Å–∏—Å—Ç–µ–Ω—Ç –¥–ª—è –æ–Ω–ª–∞–π–Ω-—à–∫–æ–ª—ã
‚Ä¢        –ó–∞–¥–∞—á–∞: –æ—Ç–≤–µ—Ç –Ω–∞ –≤–æ–ø—Ä–æ—Å—ã —É—á–µ–Ω–∏–∫–æ–≤, –Ω–∞–ø–æ–º–∏–Ω–∞–Ω–∏—è –æ –∑–∞–Ω—è—Ç–∏—è—Ö.
‚Ä¢        –§–∏—à–∫–∞: GPT –∞–¥–∞–ø—Ç–∏—Ä—É–µ—Ç –æ–±—ä—è—Å–Ω–µ–Ω–∏—è –ø–æ–¥ —É—Ä–æ–≤–µ–Ω—å —É—á–µ–Ω–∏–∫–∞ (–¥–µ—Ç–∏/–≤–∑—Ä–æ—Å–ª—ã–µ).
‚Ä¢        –†–µ–∑—É–ª—å—Ç–∞—Ç: —Å–Ω–∏–∂–µ–Ω–∏–µ –Ω–∞–≥—Ä—É–∑–∫–∏ –Ω–∞ –∫—É—Ä–∞—Ç–æ—Ä–æ–≤, –≤—ã—à–µ —É–¥–æ–≤–ª–µ—Ç–≤–æ—Ä—ë–Ω–Ω–æ—Å—Ç—å —É—á–µ–Ω–∏–∫–æ–≤.

‚úÖ –ù–µ–π—Ä–æ–ø–æ–º–æ—â–Ω–∏–∫ –¥–ª—è –æ—Ç–¥–µ–ª–∞ –ø—Ä–æ–¥–∞–∂
‚Ä¢        –ó–∞–¥–∞—á–∞: –ø–µ—Ä–≤–∏—á–Ω—ã–π –∫–æ–Ω—Ç–∞–∫—Ç —Å –∫–ª–∏–µ–Ω—Ç–æ–º, –∫–≤–∞–ª–∏—Ñ–∏–∫–∞—Ü–∏—è –ª–∏–¥–∞.
‚Ä¢        –õ–æ–≥–∏–∫–∞: –±–æ—Ç –∑–∞–¥–∞—ë—Ç 3 –≤–æ–ø—Ä–æ—Å–∞ ‚Üí –æ–ø—Ä–µ–¥–µ–ª—è–µ—Ç –≥–æ—Ä—è—á–∏–π/—Ç—ë–ø–ª—ã–π –∫–æ–Ω—Ç–∞–∫—Ç ‚Üí –ø–µ—Ä–µ–¥–∞—ë—Ç –º–µ–Ω–µ–¥–∂–µ—Ä—É.
‚Ä¢        –†–µ–∑—É–ª—å—Ç–∞—Ç: —Å–æ–∫—Ä–∞—â–µ–Ω–∏–µ –≤—Ä–µ–º–µ–Ω–∏ –æ—Ç–∫–ª–∏–∫–∞ —Å 3 —á–∞—Å–æ–≤ –¥–æ 1 –º–∏–Ω—É—Ç—ã, —Ä–æ—Å—Ç –∫–æ–Ω–≤–µ—Ä—Å–∏–∏ –Ω–∞ 27%.",,,,–û—Ç–∑—ã–≤—ã,https://t.me/neiro_ai_sale/66,,,,
2025-09-12,10:00,"üí∏ –°–∫–æ–ª—å–∫–æ –ø—Ä–∏–Ω–æ—Å–∏—Ç –±–æ—Ç?
–û–¥–∏–Ω –∫–ª–∏–µ–Ω—Ç —Ä–∞—Å—Å–∫–∞–∑–∞–ª:
‚Äî –±–æ—Ç –∑–∞ 2 –¥–Ω—è –æ–∫—É–ø–∏–ª —Å–µ–±—è
‚Äî –∏–∑–±–∞–≤–∏–ª –æ—Ç —Ä—É—Ç–∏–Ω–Ω–æ–π –ø–µ—Ä–µ–ø–∏—Å–∫–∏
‚Äî –Ω–∞—á–∞–ª –ø—Ä–æ–¥–∞–≤–∞—Ç—å –≤ –≤—ã—Ö–æ–¥–Ω—ã–µ

üí¨ –≠—Ç–æ –Ω–µ –º–∞–≥–∏—è. –≠—Ç–æ –≥—Ä–∞–º–æ—Ç–Ω–∞—è –Ω–∞—Å—Ç—Ä–æ–π–∫–∞ –∏ –ø–æ–Ω—è—Ç–Ω—ã–µ –∑–∞–¥–∞—á–∏.",,,,,,,,,
2025-09-13,10:00,"üí¨ ""–ú–Ω–µ –±—ã –ø—Ä–æ—Å—Ç–æ –ø–æ–º–æ—â–Ω–∏–∫–∞ –≤ –¢–µ–ª–µ–≥—Ä–∞–º–µ""
–î–∞, —Ç–∞–∫ —Ç–æ–∂–µ –º–æ–∂–Ω–æ:
‚Äî –±—ã—Å—Ç—Ä—ã–µ –æ—Ç–≤–µ—Ç—ã
‚Äî —Å—Å—ã–ª–∫–∏, –≤–∏–¥–µ–æ, –≥–∞–π–¥—ã
‚Äî –ø–æ–º–æ—â—å —Å –∑–∞–∫–∞–∑–∞–º–∏
üì± –ü—Ä–æ—Å—Ç–∞—è —Å—Ç—Ä—É–∫—Ç—É—Ä–∞ ‚Äî –∏ –±–æ—Ç —É–∂–µ –ø–æ–ª–µ–∑–µ–Ω.

‚û°Ô∏è –ù—É–∂–µ–Ω —Ç–æ–ª—å–∫–æ –±—Ä–∏—Ñ, –æ—Å—Ç–∞–ª—å–Ω–æ–µ —Å–¥–µ–ª–∞—é —è.",,,,–ó–∞–∫–∞–∑–∞—Ç—å,https://t.me/Ka_terina8 ,,,,
2025-09-14,10:00,"üß©–ú–∞–ª–æ–∑–∞–º–µ—Ç–Ω—ã–µ, –Ω–æ –∫—Ä–∏—Ç–∏—á–µ—Å–∫–∏ –≤–∞–∂–Ω—ã–µ –º–æ–º–µ–Ω—Ç—ã
‚û°Ô∏è    –¢–µ—Å—Ç–∏—Ä–æ–≤–∞–Ω–∏–µ –Ω–∞ ¬´–≥–ª—É–ø—ã—Ö¬ª –∑–∞–ø—Ä–æ—Å–∞—Ö
99% –≤–Ω–µ–¥—Ä–µ–Ω—Ü–µ–≤ –ø—Ä–æ–≤–µ—Ä—è—é—Ç –±–æ—Ç–∞ –Ω–∞ ¬´–ø—Ä–∞–≤–∏–ª—å–Ω—ã—Ö —Å—Ü–µ–Ω–∞—Ä–∏—è—Ö¬ª. –û–ø—ã—Ç–Ω—ã–µ ‚Äî –Ω–∞–æ–±–æ—Ä–æ—Ç: –≤–≤–æ–¥—è—Ç –∞–±—Å—É—Ä–¥–Ω—ã–µ –∏–ª–∏ –Ω–µ–ø–æ–ª–Ω—ã–µ —Ñ—Ä–∞–∑—ã. –¢–∞–∫ –≤—ã—è–≤–ª—è—é—Ç—Å—è —Å–ª–∞–±—ã–µ –º–µ—Å—Ç–∞.

‚û°Ô∏è     –≠–º–æ—Ü–∏–æ–Ω–∞–ª—å–Ω—ã–µ —Å—Ü–µ–Ω–∞—Ä–∏–∏
–ö–ª–∏–µ–Ω—Ç—ã —á–∞—Å—Ç–æ –ø—Ä–∏—Ö–æ–¥—è—Ç ¬´–Ω–∞ —ç–º–æ—Ü–∏—è—Ö¬ª (–∑–ª–æ—Å—Ç—å, —Ä–∞–∑–¥—Ä–∞–∂–µ–Ω–∏–µ). –ù–µ–π—Ä–æ–ø–æ–º–æ—â–Ω–∏–∫ –¥–æ–ª–∂–µ–Ω —É–º–µ—Ç—å –æ—Ç–≤–µ—á–∞—Ç—å —Å–ø–æ–∫–æ–π–Ω–æ –∏ —Å–≥–ª–∞–∂–∏–≤–∞—Ç—å –∫–æ–Ω—Ñ–ª–∏–∫—Ç. –≠—Ç–æ –æ—Ç–¥–µ–ª—å–Ω—ã–π –º–æ–¥—É–ª—å ‚Äî ¬´–∞–Ω—Ç–∏-—Å—Ç—Ä–µ—Å—Å¬ª.

‚û°Ô∏è    –ú–µ—Ç—Ä–∏–∫–∞ ¬´—Å—Ç–æ–∏–º–æ—Å—Ç—å –æ—Ç–≤–µ—Ç–∞¬ª
–ú–∞–ª–æ –∫—Ç–æ —Å—á–∏—Ç–∞–µ—Ç. –ù–æ —É –æ–±—ã—á–Ω–æ–≥–æ –º–µ–Ω–µ–¥–∂–µ—Ä–∞ 1 –æ—Ç–≤–µ—Ç = –º–∏–Ω—É—Ç–∞ –≤—Ä–µ–º–µ–Ω–∏. –£ –ò–ò-–∞—Å—Å–∏—Å—Ç–µ–Ω—Ç–∞ ‚Äî –∫–æ–ø–µ–π–∫–∏. –≠—Ç–æ –ø–æ–∑–≤–æ–ª—è–µ—Ç –ø–æ–∫–∞–∑—ã–≤–∞—Ç—å –∫–ª–∏–µ–Ω—Ç—É –Ω–µ ¬´—Ü–µ–Ω—É –±–æ—Ç–∞¬ª, –∞ —ç–∫–æ–Ω–æ–º–∏—é –Ω–∞ –∫–∞–∂–¥–æ–º –æ—Ç–≤–µ—Ç–µ

–ò –≤—Å—ë —ç—Ç–æ –º—ã –ø—Ä–æ–≤–µ–¥–µ–º —Å –≤–∞–º–∏ –≤–º–µ—Å—Ç–µ, –ø–æ —à–∞–≥–∞–º, –Ω–∞—É—á–∏–º –Ω–∞—É—á–∏–º –∞—Å—Å–∏—Å—Ç–µ–Ω—Ç–∞ —É—á–∏—Ç—ã–≤–∞—Ç—å –≤—Å–µ –∫—Ä–∏—Ç–∏—á–µ—Å–∫–∏–µ –º–æ–º–µ–Ω—Ç—ã.",,,,–ó–∞–∫–∞–∑–∞—Ç—å,https://t.me/Ka_terina8,üí∞ –¶–µ–Ω—ã,https://t.me/neiro_ai_sale/65,,
2025-09-15,10:00,"ü§ñ –ú–æ–∂–Ω–æ –ª–∏ –ø–æ–¥–∫–ª—é—á–∏—Ç—å –±–æ—Ç–∞ –∫ —Å–∞–π—Ç—É, Instagram, WhatsApp?
–î–∞! –ò –¥–∞–∂–µ –∫ CRM, –ø–ª–∞—Ç—ë–∂–Ω–æ–π —Å–∏—Å—Ç–µ–º–µ, Google –¢–∞–±–ª–∏—Ü–∞–º –∏ Notion.

üõ† –ù–µ–π—Ä–æ–ø–æ–º–æ—â–Ω–∏–∫ –ª–µ–≥–∫–æ –≤—Å—Ç—Ä–∞–∏–≤–∞–µ—Ç—Å—è –≤ –ø—Ä–∏–≤—ã—á–Ω—ã–µ –∏–Ω—Å—Ç—Ä—É–º–µ–Ω—Ç—ã. –í—Å–µ –±—É–¥–µ—Ç —Ä–∞–±–æ—Ç–∞—Ç—å —Å–∏–Ω—Ö—Ä–æ–Ω–Ω–æ.",,,,,,,,,
2025-09-16,10:00,"üî• –ö–æ–º—É —Ç–æ—á–Ω–æ –Ω—É–∂–µ–Ω –Ω–µ–π—Ä–æ–ø–æ–º–æ—â–Ω–∏–∫:
‚Äî –ü—Ä–æ–¥–∞–∂–∏ –≤ DM/—Å–æ—Ü—Å–µ—Ç—è—Ö
‚Äî –ú–∞—Å—Ç–µ—Ä-–∫–ª–∞—Å—Å—ã, –≤–µ–±–∏–Ω–∞—Ä—ã
‚Äî –û–Ω–ª–∞–π–Ω-–æ–±—É—á–µ–Ω–∏–µ
‚Äî –ü—Ä–æ–¥–∞–∂–∞ —É—Å–ª—É–≥ –∏–ª–∏ –∫–æ–Ω—Å—É–ª—å—Ç–∞—Ü–∏–π

üéØ –ï—Å–ª–∏ –≤–∞—à –±–∏–∑–Ω–µ—Å –∑–∞–≤–∏—Å–∏—Ç –æ—Ç –¥–∏–∞–ª–æ–≥–æ–≤ ‚Äî –±–æ—Ç –±—É–¥–µ—Ç –ø—Ä–æ–¥–∞–≤–∞—Ç—å, –∫–æ–≥–¥–∞ –≤—ã —Å–ø–∏—Ç–µ.",,,,,,,,,
2025-09-17,10:00,"üß† GPTs, ChatGPT, –Ω–µ–π—Ä–æ–±–æ—Ç—ã ‚Äî —ç—Ç–æ –æ–¥–Ω–æ –∏ —Ç–æ –∂–µ?
–ü–æ—á—Ç–∏. GPTs ‚Äî —ç—Ç–æ –∫–∞—Å—Ç–æ–º–Ω—ã–µ –ø–æ–º–æ—â–Ω–∏–∫–∏ –Ω–∞ –±–∞–∑–µ ChatGPT.
–ù–µ–π—Ä–æ–ø–æ–º–æ—â–Ω–∏–∫–∏ ‚Äî —ç—Ç–æ ¬´—É–ø–∞–∫–æ–≤–∞–Ω–Ω—ã–π¬ª –æ–ø—ã—Ç, –∏–Ω—Ç–µ—Ä—Ñ–µ–π—Å –∏ –ª–æ–≥–∏–∫–∞.

üí° –ì–ª–∞–≤–Ω–æ–µ: –Ω–µ –ø–ª–∞—Ç—Ñ–æ—Ä–º–∞, –∞ —Ä–µ—à–µ–Ω–∏–µ –ø–æ–¥ –∑–∞–¥–∞—á—É.",,,,,,,,,
2025-09-18,10:00,"ü§ñ –°–æ–∑–¥–∞–Ω–∏–µ –Ω–µ–π—Ä–æ–ø–æ–º–æ—â–Ω–∏–∫–æ–≤ ‚Äî —ç—Ç–æ –Ω–µ –ø—Ä–æ ¬´–∫—Ä–∞—Å–∏–≤—ã–π GPT¬ª, –∞ –ø—Ä–æ —Å–∏—Å—Ç–µ–º–Ω–æ–µ –≤–Ω–µ–¥—Ä–µ–Ω–∏–µ –Ω–æ–≤–æ–≥–æ —Å–æ—Ç—Ä—É–¥–Ω–∏–∫–∞ –≤ –±–∏–∑–Ω–µ—Å.

üî•     –£—Å–ø–µ—Ö = –ø—Ä–∞–≤–∏–ª—å–Ω–∞—è –ø–æ—Å—Ç–∞–Ω–æ–≤–∫–∞ –∑–∞–¥–∞—á–∏ + –Ω–∞—Å—Ç—Ä–æ–π–∫–∞ + –∞–¥–∞–ø—Ç–∞—Ü–∏—è –ø–æ–¥ –∫–ª–∏–µ–Ω—Ç–∞.
üî•     –û—à–∏–±–∫–∞ = –∂–µ–ª–∞–Ω–∏–µ ¬´—Å–¥–µ–ª–∞—Ç—å —Å—Ä–∞–∑—É –≤—Å—ë¬ª –∏–ª–∏ –æ–∂–∏–¥–∞–Ω–∏–µ, —á—Ç–æ –ò–ò —Å–∞–º —Å—Ç–∞–Ω–µ—Ç —Å–æ—Ç—Ä—É–¥–Ω–∏–∫–æ–º.
üî•     –ü–µ—Ä—Å–ø–µ–∫—Ç–∏–≤–∞ = –Ω–µ–π—Ä–æ–ø–æ–º–æ—â–Ω–∏–∫–∏ –∫–∞–∫ –Ω–æ–≤–∞—è —Ä–æ–ª—å –≤ –∫–æ–º–ø–∞–Ω–∏—è—Ö (—Ü–∏—Ñ—Ä–æ–≤–æ–π –º–µ–Ω–µ–¥–∂–µ—Ä, —Ü–∏—Ñ—Ä–æ–≤–æ–π –∫—É—Ä–∞—Ç–æ—Ä, —Ü–∏—Ñ—Ä–æ–≤–æ–π –ø—Ä–æ–¥–∞–≤–µ—Ü).""
",,,,,,,,,
2025-09-19,10:00,"üìà –ß—Ç–æ –¥–∞—ë—Ç –±–æ—Ç –±–∏–∑–Ω–µ—Å—É:
‚úÖ –£–≤–µ–ª–∏—á–µ–Ω–∏–µ –∑–∞—è–≤–æ–∫
‚úÖ –ë—ã—Å—Ç—Ä—ã–µ –æ—Ç–≤–µ—Ç—ã –±–µ–∑ –º–µ–Ω–µ–¥–∂–µ—Ä–∞
‚úÖ –†–æ—Å—Ç –¥–æ–≤–µ—Ä–∏—è
‚úÖ –ê–≤—Ç–æ–º–∞—Ç–∏–∑–∞—Ü–∏—è —Ä—É—Ç–∏–Ω–Ω—ã—Ö –∑–∞–¥–∞—á

‚ú® –£–∂–µ —á–µ—Ä–µ–∑ –Ω–µ–¥–µ–ª—é –≤—ã –ø–æ—á—É–≤—Å—Ç–≤—É–µ—Ç–µ —Ä–∞–∑–Ω–∏—Ü—É.",,,,üß† –ß—Ç–æ —É–º–µ–µ—Ç?,https://t.me/neiro_ai_sale/64,,,,
2025-09-20,10:00,"üì£ ""–≠—Ç–æ –ø—Ä–æ—Å—Ç–æ –≤–æ–ª—à–µ–±—Å—Ç–≤–æ"" ‚Äî —Å–∫–∞–∑–∞–ª –∫–ª–∏–µ–Ω—Ç.
–ü–æ—Å–ª–µ –∑–∞–ø—É—Å–∫–∞ –±–æ—Ç–∞:
‚Äî –ò—Å—á–µ–∑ —Ö–∞–æ—Å –≤ –ø–µ—Ä–µ–ø–∏—Å–∫–µ
‚Äî –ó–∞—è–≤–∫–∏ –æ–±—Ä–∞–±–∞—Ç—ã–≤–∞—é—Ç—Å—è –±—ã—Å—Ç—Ä–µ–µ
‚Äî –ü—Ä–æ–¥–∞–∂–∏ —Å—Ç–∞–±–∏–ª–∏–∑–∏—Ä–æ–≤–∞–ª–∏—Å—å

üéØ –ò —ç—Ç–æ –≤—Å–µ–≥–æ –∑–∞ 3 –¥–Ω—è –Ω–∞—Å—Ç—Ä–æ–π–∫–∏.",,,,–û—Ç–∑—ã–≤—ã,https://t.me/neiro_ai_sale/66,,,,
2025-09-21,10:00,"üìù –ß—Ç–æ –≤—Ö–æ–¥–∏—Ç –≤ –∑–∞–∫–∞–∑ –Ω–µ–π—Ä–æ–ø–æ–º–æ—â–Ω–∏–∫–∞:
‚Äî –ö–æ–Ω—Å—É–ª—å—Ç–∞—Ü–∏—è –∏ –±—Ä–∏—Ñ
‚Äî –ù–∞–ø–∏—Å–∞–Ω–∏–µ —Å—Ü–µ–Ω–∞—Ä–∏–µ–≤
‚Äî –ù–∞—Å—Ç—Ä–æ–π–∫–∞ –ª–æ–≥–∏–∫–∏ –∏ –∏–Ω—Ç–µ—Ä—Ñ–µ–π—Å–∞
‚Äî –î–∏–∑–∞–π–Ω –∫–Ω–æ–ø–æ–∫, —Ç–µ—Å—Ç—ã, –∏–Ω—Å—Ç—Ä—É–∫—Ü–∏–∏

üìå –í—Å—ë –ø–æ–¥ –∫–ª—é—á ‚Äî –≤—ã –ø–æ–ª—É—á–∞–µ—Ç–µ –≥–æ—Ç–æ–≤—ã–π –∏–Ω—Å—Ç—Ä—É–º–µ–Ω—Ç.",,,,–ó–∞–∫–∞–∑–∞—Ç—å,https://t.me/Ka_terina8,üí∞ –¶–µ–Ω—ã,https://t.me/neiro_ai_sale/65,,
2025-09-22,10:00,"‚ùóÔ∏è–°–∞–º–æ–µ —á–∞—Å—Ç–æ–µ –∑–∞–±–ª—É–∂–¥–µ–Ω–∏–µ:
¬´–°–¥–µ–ª–∞—é —Å–∞–º —á–µ—Ä–µ–∑ BotHelp / Chatfuel / Tilda...¬ª
–†–µ–∑—É–ª—å—Ç–∞—Ç ‚Äî –±–æ—Ç –±–µ–∑ —Å—Ü–µ–Ω–∞—Ä–∏—è –∏ –ø—Ä–æ–¥–∞–∂, ¬´–≤–∏—Å—è—â–∏–π¬ª –≤ –∫–∞–Ω–∞–ª–µ.

ü§ù –õ—É—á—à–µ —Å—Ä–∞–∑—É –¥–µ–ª–µ–≥–∏—Ä–æ–≤–∞—Ç—å ‚Äî –∏ –ø–æ–ª—É—á–∏—Ç—å —Ä–µ–∑—É–ª—å—Ç–∞—Ç.",,,,,,,,,
2025-09-23,10:00,"üß© –ö–∞–∫ –≤—ã–≥–ª—è–¥–∏—Ç MVP-–±–æ—Ç?
‚Äî –ú–∏–Ω–∏–º—É–º, –∫–æ—Ç–æ—Ä—ã–π —É–∂–µ —Ä–µ—à–∞–µ—Ç –∑–∞–¥–∞—á—É
‚Äî –ü—Ä–æ—Å—Ç–æ–π –∏–Ω—Ç–µ—Ä—Ñ–µ–π—Å
‚Äî –ü—Ä–æ–¥—É–º–∞–Ω–Ω–∞—è –ª–æ–≥–∏–∫–∞

üí¨ –í—ã –º–æ–∂–µ—Ç–µ –ø—Ä–æ—Ç–µ—Å—Ç–∏—Ä–æ–≤–∞—Ç—å –∏–¥–µ—é –∏ –º–∞—Å—à—Ç–∞–±–∏—Ä–æ–≤–∞—Ç—å—Å—è –ø–æ–∑–∂–µ.",,,,,,,,,
2025-09-24,10:00,"üßæ –ö–∞–∫ –ø—Ä–æ—Ö–æ–¥–∏—Ç –æ–ø–ª–∞—Ç–∞:
‚Äî –ö–∞—Ä—Ç–∞, —Å—á—ë—Ç, –æ–Ω–ª–∞–π–Ω-—Å–µ—Ä–≤–∏—Å
‚Äî –í–æ–∑–º–æ–∂–Ω–∞ —Ä–∞—Å—Å—Ä–æ—á–∫–∞ –∏ –ø—Ä–µ–¥–æ–ø–ª–∞—Ç–∞
‚Äî –í—Å—ë –æ—Ñ–∏—Ü–∏–∞–ª—å–Ω–æ –∏ –ø–æ—ç—Ç–∞–ø–Ω–æ

üí¨ –ü—Ä–æ—Å—Ç–æ, –ø—Ä–æ–∑—Ä–∞—á–Ω–æ –∏ –±–µ–∑–æ–ø–∞—Å–Ω–æ.",,,,–ó–∞–∫–∞–∑–∞—Ç—å,https://t.me/Ka_terina8,üí∞ –¶–µ–Ω—ã,https://t.me/neiro_ai_sale/65,,
2025-09-25,10:00,"üì¶ –ì–æ—Ç–æ–≤—ã –ø—Ä–∏–º–µ—Ä—ã:
‚Äî –ù–µ–π—Ä–æ–ø—Ä–æ–¥–∞–≤–µ—Ü –¥–ª—è –æ–Ω–ª–∞–π–Ω-—à–∫–æ–ª—ã
‚Äî –ê—Å—Å–∏—Å—Ç–µ–Ω—Ç –≤ Instagram-–∞–∫–∫–∞—É–Ω—Ç–µ
‚Äî –ë–æ—Ç –¥–ª—è —Å–æ–ø—Ä–æ–≤–æ–∂–¥–µ–Ω–∏—è –≤ –º–∞—Ä–∞—Ñ–æ–Ω–µ

üìå –ü–æ–∫–∞–∂—É, –∫–∞–∫ –≤—Å—ë —É—Å—Ç—Ä–æ–µ–Ω–æ –∏ –∫–∞–∫ —ç—Ç–æ –º–æ–∂–µ—Ç —Ä–∞–±–æ—Ç–∞—Ç—å —É –≤–∞—Å.",,,,,,,,,